country,phone_number
UK,8965507774
USA,(7744) 546 218
UK,09553 428 651
UK,(7401) 974 869
USA,9777230323
FRANCE,6829031663
USA,09756 271 696
USA,08065 096 186
UK,(6359) 130 970
UK,(7559) 077 020
FRANCE,06549 506 341
FRANCE,6189018139
USA,9214645144
USA,8211983639
FRANCE,07596 327 621
UK,9488-733-159
USA,(9938) 699 598
UK,7548191175
FRANCE,(9941) 855 244
FRANCE,6304-521-886
UK,6120027800
UK,8268566304
FRANCE,8574275640
UK,07574 512 732
USA,(8414) 726 896
USA,9899420168
USA,6452373432
USA,(8150) 128 998
UK,09792 056 030
FRANCE,7751141432
FRANCE,8637929353
FRANCE,9500130905
UK,8502-495-605
USA,6851984009
USA,8821078532
FRANCE,6221-455-843
UK,(8805) 356 411
UK,06601 982 981
USA,07542 771 997
USA,6639684804
UK,7094-580-362
FRANCE,8597876221
UK,8090152613
FRANCE,6460-893-549
FRANCE,9599654060
FRANCE,8503442095
UK,6257-462-696
FRANCE,6393963910
USA,7425400371
FRANCE,7616-999-073
UK,06069 110 371
FRANCE,9694641916
FRANCE,(7951) 681 586
UK,(9205) 125 245
UK,(9190) 351 792
FRANCE,09731 123 754
FRANCE,7952885241
FRANCE,6578-045-016
FRANCE,09888 550 404
UK,6901776287
FRANCE,6312473214
USA,6348703120
USA,6167-803-419
USA,(7630) 130 653
FRANCE,7856092582
FRANCE,(8174) 729 794
FRANCE,(9447) 020 769
UK,8396002956
USA,(8404) 275 362
USA,(6946) 752 124
UK,6691529102
UK,(8750) 745 878
FRANCE,9463499595
FRANCE,7078892402
USA,6460179249
FRANCE,8976-787-548
USA,09336 016 441
FRANCE,06456 226 427
USA,6163055803
USA,6593957955
FRANCE,(7507) 023 948
FRANCE,(6260) 676 137
FRANCE,07710 999 073
USA,7692663520
UK,06182 710 133
FRANCE,8765112004
USA,8373682429
UK,9713486899
USA,6721879703
USA,08725 198 357
UK,07050 283 716
UK,7667400491
USA,6870939003
FRANCE,9321598140
UK,7210-639-188
USA,(9300) 720 601
FRANCE,(6891) 885 440
UK,9011049953
FRANCE,6044621301
UK,9879380988
FRANCE,7281-067-985
UK,(9404) 928 922
FRANCE,6078177170
UK,6378942428
FRANCE,9407143469
FRANCE,8523-732-294
USA,7462302688
USA,(6653) 232 808
UK,8996553450
FRANCE,6995977158
USA,08010 643 341
FRANCE,9197569429
UK,(9809) 839 514
USA,(6935) 987 872
USA,7283772314
FRANCE,8898205557
USA,9267101071
UK,7023824101
USA,9224215846
UK,06895 019 335
FRANCE,8391642368
FRANCE,7309429839
FRANCE,(6296) 026 519
USA,7317520090
UK,8846243931
USA,(6325) 332 106
FRANCE,08754 997 297
UK,6212453615
USA,6132171142
UK,6821081578
FRANCE,7454288344
USA,(6527) 964 849
FRANCE,6111747219
USA,8434005139
FRANCE,6202170334
FRANCE,9624-806-668
USA,6178387160
UK,8193035478
FRANCE,(8396) 615 192
USA,(9090) 369 389
FRANCE,7658262016
UK,09683 903 407
FRANCE,6322430825
UK,09448 270 193
UK,07457 045 045
FRANCE,7751877853
UK,(8529) 539 815
USA,(6901) 294 224
FRANCE,07839 652 637
USA,6209971054
FRANCE,7109179962
UK,7572802821
UK,6114050992
USA,(6225) 019 713
FRANCE,7738464030
FRANCE,8090793793
UK,(8658) 649 525
UK,(9593) 339 293
FRANCE,(6113) 307 229
UK,07573 977 242
FRANCE,06261 879 548
FRANCE,(6552) 722 493
UK,06703 954 060
USA,7216272311
FRANCE,07246 310 252
USA,7457349611
FRANCE,(6411) 534 047
UK,7960347267
UK,6375026056
USA,7110-769-299
FRANCE,7884139213
USA,8064623766
USA,07025 085 844
USA,7200-574-267
FRANCE,7657760484
FRANCE,7017894683
FRANCE,06643 105 281
USA,06076 369 564
FRANCE,6630-096-397
UK,6671228076
FRANCE,09706 660 548
FRANCE,(6347) 931 610
FRANCE,8210446372
USA,9946665088
USA,7742-833-646
FRANCE,9487115643
UK,9091-752-522
UK,9531038876
FRANCE,(6695) 896 555
FRANCE,07456 130 269
UK,(8670) 384 284
UK,08661 986 405
UK,9932127207
FRANCE,(9248) 107 411
FRANCE,09211 687 815
FRANCE,9844146075
UK,8814417104
FRANCE,(6659) 770 514
FRANCE,08168 662 613
USA,07742 657 414
FRANCE,06422 367 667
UK,08400 493 710
FRANCE,08952 366 807
FRANCE,9190574354
UK,09820 185 478
FRANCE,8632531916
UK,09983 787 802
UK,07960 235 442
UK,7417465726
FRANCE,6722381777
FRANCE,7490557453
UK,(6696) 501 660
USA,9919357531
UK,6202-138-875
UK,6230760395
USA,6743338382
UK,7548985834
UK,(7452) 615 798
FRANCE,07407 429 214
FRANCE,7688734151
FRANCE,08820 324 246
UK,7746185821
FRANCE,9145756183
UK,06463 675 474
FRANCE,7563-047-107
FRANCE,(7439) 723 567
USA,8244590139
FRANCE,6005107510
USA,07139 050 840
USA,8848-276-070
FRANCE,8425941572
FRANCE,9728971325
FRANCE,09298 729 653
USA,07903 026 054
FRANCE,7750379876
FRANCE,8790026605
USA,08062 870 410
USA,8787885900
FRANCE,7801-985-574
UK,9061610979
USA,7852192238
USA,06175 576 835
UK,6319310072
FRANCE,9163856283
FRANCE,8881373309
USA,6968616835
USA,(8765) 323 484
USA,6122918195
FRANCE,09457 555 516
UK,9382099472
FRANCE,6068992942
USA,8712089065
UK,6258-725-145
FRANCE,7485718411
FRANCE,(6219) 045 455
USA,(9425) 012 774
USA,8568385579
UK,9315777758
FRANCE,7756198981
FRANCE,(6365) 849 955
FRANCE,6178668633
FRANCE,9508335776
UK,(9478) 550 974
UK,(8419) 187 019
FRANCE,06724 132 032
USA,9971506189
UK,7242277623
UK,6051900808
FRANCE,9323389142
UK,(8441) 949 961
UK,8917947879
USA,(9434) 443 813
USA,9248854618
UK,9223908605
UK,9729-358-499
USA,(7252) 301 306
FRANCE,(8692) 369 020
FRANCE,7331138308
UK,(9140) 451 065
USA,(6378) 997 809
USA,7202342763
FRANCE,7395820152
UK,9660993588
USA,7723733899
USA,06235 081 702
UK,6319644110
USA,9095088955
USA,09201 767 489
UK,09856 953 001
FRANCE,6886-754-822
USA,06535 166 458
UK,6875187323
USA,08250 099 201
UK,9595321612
FRANCE,7746944501
USA,08070 864 312
UK,9535165612
FRANCE,(6747) 802 376
USA,6881-712-607
USA,7730-124-737
UK,9869311696
UK,6877502171
USA,08156 869 395
FRANCE,6728882464
USA,08193 124 030
UK,09397 946 546
FRANCE,7076-498-620
USA,8366740994
FRANCE,09004 925 130
UK,(8341) 803 257
UK,9643-481-237
FRANCE,(6151) 486 325
FRANCE,6279948097
FRANCE,06685 351 318
UK,(9159) 388 408
UK,6444535827
FRANCE,9082848659
UK,6075-604-668
USA,(8796) 284 099
FRANCE,9333793801
UK,8990-196-578
FRANCE,(8398) 079 919
FRANCE,6892-795-493
USA,7080064572
UK,9071211981
UK,(6067) 127 420
UK,08147 624 480
UK,6490851796
UK,9460-409-517
FRANCE,8166333298
UK,8811539049
FRANCE,7954349692
FRANCE,6753872936
FRANCE,(6601) 155 771
UK,8657038268
FRANCE,8591704063
FRANCE,7361163769
USA,7295700925
FRANCE,7288115474
USA,08189 525 557
FRANCE,07934 265 798
USA,6831725237
USA,8976781197
FRANCE,09872 528 370
UK,08012 294 939
FRANCE,6234771950
UK,08562 189 967
USA,(8988) 648 575
FRANCE,7286469641
FRANCE,08521 380 218
FRANCE,6023-637-986
UK,8101037707
FRANCE,08733 072 485
USA,8618356264
UK,8880479523
UK,7291085501
UK,6646717749
FRANCE,6908259212
FRANCE,07088 119 057
USA,06185 471 619
UK,08130 690 437
UK,9114219447
USA,8602379743
USA,08744 361 083
UK,(8218) 092 791
FRANCE,7089028002
FRANCE,(8420) 034 812
FRANCE,(7462) 235 734
UK,07361 303 295
UK,7938257037
FRANCE,9565-111-794
USA,08390 097 495
USA,06990 377 995
FRANCE,09118 433 593
USA,08173 479 293
FRANCE,7461165915
FRANCE,8432304330
USA,(6481) 315 725
FRANCE,7974082416
FRANCE,08893 492 043
USA,8867-692-542
FRANCE,07262 374 847
FRANCE,6014261363
FRANCE,9426650100
FRANCE,7144218664
FRANCE,07557 809 739
UK,(9504) 413 826
FRANCE,(7608) 390 409
UK,8947617856
FRANCE,(6003) 130 910
FRANCE,07134 356 581
USA,8135911559
UK,(6088) 363 154
FRANCE,06245 049 405
FRANCE,(7652) 818 584
UK,06631 478 973
UK,(9091) 547 161
USA,(9790) 570 931
USA,9711942270
UK,8290794421
FRANCE,(7039) 622 119
FRANCE,(7061) 535 025
UK,(9002) 442 518
USA,8917382496
FRANCE,07728 366 255
UK,9982923760
FRANCE,6449-758-155
FRANCE,8419326574
FRANCE,7423413491
FRANCE,09963 553 516
UK,07596 437 977
FRANCE,08451 475 720
FRANCE,(9680) 686 902
USA,8470747698
USA,(6211) 034 520
FRANCE,08866 644 762
FRANCE,7163-866-644
FRANCE,9100642392
FRANCE,8922-305-832
FRANCE,9872723593
FRANCE,6853-684-665
UK,(9246) 883 109
USA,(8409) 334 027
USA,(8884) 397 727
FRANCE,6452570345
UK,9442468698
FRANCE,6871-539-729
UK,7510969090
USA,(6168) 038 972
UK,7474842749
FRANCE,6284855387
USA,7352654544
USA,7081-579-587
USA,6850722093
UK,7726018029
USA,6917088488
USA,8821326751
USA,6520416109
UK,06333 598 530
USA,8181168130
UK,07632 148 432
UK,8812049902
UK,08245 019 956
UK,(9053) 385 011
UK,9179629423
UK,9248738392
FRANCE,7030291912
UK,8514602477
USA,8410998861
USA,9557277957
UK,07087 600 900
UK,(8568) 812 027
USA,8145235079
FRANCE,09218 525 380
USA,9125262564
USA,9469962944
FRANCE,6163741238
UK,8280013253
USA,6095897738
USA,09063 192 945
USA,6096793605
UK,9592-571-506
USA,6040-201-212
FRANCE,9501784250
FRANCE,(9925) 760 262
USA,07947 978 765
UK,9190123047
USA,9271-289-015
FRANCE,7323-433-456
FRANCE,9529849305
UK,8114881857
UK,7862350600
UK,(7067) 911 575
FRANCE,(9148) 361 425
FRANCE,(8598) 825 360
FRANCE,6065128397
USA,(8830) 752 032
FRANCE,(7207) 268 797
FRANCE,8066511826
USA,09866 034 055
FRANCE,8218572564
FRANCE,8895-079-782
USA,6657617451
USA,6117-254-329
USA,(6674) 199 283
UK,(7008) 044 544
USA,(7387) 589 205
USA,9124-471-968
UK,9897744500
FRANCE,6594685775
UK,7692079918
FRANCE,09493 010 244
USA,06792 287 753
FRANCE,8062725670
FRANCE,09819 093 361
USA,09895 797 055
FRANCE,9563707890
USA,9625086814
USA,7057207502
FRANCE,07598 440 955
UK,9842888758
USA,6650-644-471
UK,7625004041
FRANCE,09280 354 918
USA,(8339) 135 762
FRANCE,07962 782 745
USA,6845173607
USA,06164 691 576
FRANCE,08337 852 910
USA,9478042685
USA,7360233329
USA,09753 265 689
USA,8879756369
UK,(8780) 927 164
USA,9754502908
UK,9569186019
UK,(6920) 593 416
UK,(9436) 959 423
FRANCE,07723 379 565
USA,6678856841
UK,09045 380 425
USA,8494-551-176
UK,09233 475 461
UK,9737834455
FRANCE,7850980930
USA,6632197448
UK,6876146678
FRANCE,09815 135 233
UK,08471 202 636
UK,(8057) 910 010
FRANCE,(8142) 325 566
USA,6564645027
UK,7090152779
FRANCE,6658581334
UK,(6418) 052 421
UK,(8747) 883 451
FRANCE,07022 985 348
FRANCE,07438 396 213
FRANCE,9511629625
UK,08812 824 801
UK,8503579648
UK,9497301199
UK,7946-558-874
USA,7610461310
FRANCE,7079-504-581
USA,09113 859 377
FRANCE,07236 971 095
FRANCE,(7130) 396 155
USA,06570 375 609
USA,6623654078
UK,7822-699-947
FRANCE,8726607951
USA,08589 425 695
USA,8756-592-211
USA,07026 616 355
FRANCE,6870080004
UK,(7045) 230 811
USA,09616 196 682
FRANCE,7766474377
FRANCE,9797907868
USA,6373618153
UK,7975-314-050
FRANCE,8015926127
UK,(6988) 039 621
USA,6421019621
UK,(6187) 100 339
USA,(9691) 227 233
FRANCE,8918002482
FRANCE,09392 846 293
UK,(6123) 434 134
FRANCE,07946 210 118
FRANCE,9653-083-877
USA,9407726390
USA,9313558652
FRANCE,9564446152
UK,7369102411
USA,7125570182
USA,7092796687
USA,8335811695
UK,9939988915
USA,8543051206
USA,6661339927
USA,6307-658-156
FRANCE,8848837386
UK,07639 788 385
USA,9925304239
FRANCE,6764847724
UK,7560616613
UK,6806380787
FRANCE,6001376296
FRANCE,(6844) 659 560
USA,8160-033-383
FRANCE,8952254998
USA,9994432536
USA,8147319123
UK,9494828649
UK,8130045010
UK,08286 992 367
UK,06703 406 770
USA,09102 725 012
FRANCE,8110456382
USA,09078 667 471
USA,6119255733
UK,7637-789-517
FRANCE,(9761) 317 246
UK,07693 127 000
UK,7395106210
FRANCE,06402 770 608
UK,07098 936 571
UK,6069679566
UK,(7261) 220 822
UK,8743911855
UK,09805 247 309
USA,9925595777
USA,08790 307 819
UK,8027-094-875
UK,9172611769
USA,(6208) 249 878
USA,07123 965 109
UK,09238 091 149
FRANCE,8870543003
FRANCE,7344-521-905
USA,6287184966
UK,07020 503 879
FRANCE,06245 329 336
UK,9732718442
UK,6320262640
UK,8532087976
USA,7760551989
USA,7108970477
FRANCE,6268133281
UK,7761139906
UK,(9181) 184 829
UK,06143 745 109
UK,8064759621
FRANCE,6073200908
FRANCE,6884645768
USA,9224-047-655
UK,8173-064-859
UK,9961408266
UK,6272152141
UK,9245799152
UK,09658 434 503
UK,06764 810 664
UK,(9967) 322 461
USA,09972 598 403
USA,9116-586-175
USA,7479550605
FRANCE,6169-933-278
FRANCE,6099796481
FRANCE,6431649383
FRANCE,09788 274 867
FRANCE,6951437178
UK,08167 252 177
UK,7317-561-316
USA,(7070) 846 242
UK,7250217834
FRANCE,9673235204
USA,7979989700
UK,(7981) 790 156
UK,09748 457 380
FRANCE,(8529) 655 912
FRANCE,07360 948 951
FRANCE,8636-556-578
FRANCE,6194265778
UK,9171331160
UK,7290173572
FRANCE,(9142) 177 963
FRANCE,06315 449 294
UK,(9360) 288 743
FRANCE,09385 724 961
USA,8717909959
USA,6068720516
FRANCE,9355062040
USA,8740422378
UK,9472-999-557
FRANCE,(6887) 622 408
USA,7591971403
UK,(8857) 154 111
FRANCE,8509809735
UK,7280691140
UK,8428-572-287
USA,(6327) 799 889
FRANCE,(6818) 889 861
FRANCE,09522 591 862
FRANCE,(6043) 700 116
USA,7044014012
UK,8936597883
USA,9151-814-538
FRANCE,(8751) 465 213
FRANCE,(7581) 745 862
USA,06960 057 146
FRANCE,9169-222-167
USA,8536193556
USA,06258 766 694
USA,6748963611
USA,(9343) 205 761
UK,(7051) 116 459
UK,07231 657 880
UK,6804393230
FRANCE,(7819) 025 916
UK,9477784544
FRANCE,9979-052-838
FRANCE,(7859) 301 154
USA,7803562165
USA,(9938) 065 140
UK,8286-259-839
UK,9515-631-344
USA,09068 526 953
UK,09639 430 342
UK,8641-417-418
FRANCE,6341692528
FRANCE,8251761499
USA,6907535236
UK,8303947565
UK,08878 071 503
USA,6980424821
FRANCE,8634-157-496
FRANCE,(8239) 486 910
UK,08222 765 617
FRANCE,8334-987-361
UK,06301 341 407
USA,08202 888 071
UK,6146536282
UK,9463074312
FRANCE,08466 324 169
USA,(7974) 705 325
USA,07285 213 943
FRANCE,(7660) 928 856
UK,(8140) 263 645
USA,9310-544-487
UK,09158 899 904
FRANCE,(7990) 888 833
USA,9220411196
USA,(7968) 342 853
FRANCE,7020958423
UK,07264 187 328
USA,8358-044-010
UK,07503 248 160
UK,6906817891
USA,7003936536
UK,(9592) 080 858
UK,6183-027-299
USA,7566037770
FRANCE,6024773821
UK,(6367) 910 987
USA,09280 381 362
USA,(6582) 859 111
USA,07925 512 342
FRANCE,7023656045
USA,(6690) 857 200
USA,07591 394 652
UK,(7009) 191 382
USA,7012-319-224
UK,8184018301
USA,(9001) 887 756
FRANCE,6792451930
FRANCE,9559651156
UK,8509279484
FRANCE,8662661218
USA,8708-390-759
UK,(6274) 297 786
UK,7358-516-423
USA,9967685170
FRANCE,8301607308
FRANCE,8891-133-999
UK,8291826536
USA,6779-438-585
UK,07390 575 036
USA,8809341137
UK,8693-419-114
FRANCE,09488 607 643
FRANCE,(8155) 125 445
USA,8937658876
FRANCE,08233 005 551
FRANCE,6850331101
FRANCE,6052295997
UK,08600 448 127
FRANCE,8610-326-065
FRANCE,9059303701
USA,6589140598
FRANCE,6917719323
USA,6229878838
USA,6785136444
FRANCE,9497591553
USA,(7870) 387 915
USA,8110-001-538
UK,8891023421
FRANCE,7260294127
FRANCE,08586 865 912
FRANCE,9627148350
USA,7238878974
USA,6704276936
FRANCE,8837-193-038
FRANCE,7515914017
FRANCE,7911895101
FRANCE,8425-334-142
UK,09567 740 949
UK,07926 087 525
USA,6678472300
USA,7218529098
USA,9736512869
FRANCE,(7345) 673 352
USA,08223 109 166
FRANCE,6176602521
UK,9760973738
USA,09124 673 378
UK,09749 614 886
UK,(8734) 803 532
USA,6014847574
UK,9796310101
USA,(9320) 526 762
UK,(6855) 375 886
USA,7376921567
FRANCE,8749874604
USA,09034 306 523
UK,8777687015
USA,7364383809
UK,8609-185-534
UK,(6902) 086 745
FRANCE,8202-124-714
UK,9489869665
USA,7331893138
USA,09863 342 915
UK,9797716016
UK,9007699675
FRANCE,8411269047
USA,(8604) 666 288
UK,(9567) 873 116
UK,9344273024
USA,09049 901 690
USA,07244 012 069
FRANCE,8440280276
USA,7026-932-474
FRANCE,(7437) 964 290
USA,(6056) 921 246
USA,(9948) 253 557
UK,7702961877
FRANCE,09057 231 899
UK,6505530086
USA,6565-895-816
USA,6697845916
USA,6526168721
UK,6865723998
UK,6499434873
UK,7287306416
USA,6246039868
UK,6956303376
USA,(8226) 205 859
FRANCE,(8974) 159 546
USA,7406580326
FRANCE,9931-323-629
UK,8823067965
USA,09416 106 943
UK,(6266) 931 611
USA,(8769) 298 698
FRANCE,09606 171 503
UK,8486625368
FRANCE,6235-300-737
UK,7595099601
USA,6534796865
FRANCE,06216 869 779
UK,9715-510-805
UK,9734-007-258
FRANCE,6904740177
UK,(7904) 273 382
USA,07602 949 981
FRANCE,8779-716-309
FRANCE,6784479696
UK,(8643) 536 009
FRANCE,09811 990 947
FRANCE,08306 745 385
USA,9232273308
FRANCE,09697 006 983
UK,9140493045
FRANCE,6217975727
USA,09180 895 325
UK,7954599509
UK,9666-801-368
UK,6090-754-775
UK,9994931727
UK,(8675) 647 835
FRANCE,8938130185
UK,(8207) 229 639
USA,7048532799
USA,09854 861 838
USA,(8024) 418 217
FRANCE,(9811) 217 110
UK,8303712998
UK,6227684280
USA,9265291287
USA,6372533072
FRANCE,6930259048
UK,7293679323
FRANCE,(9012) 096 554
UK,08494 610 717
USA,7664285728
FRANCE,7908237997
UK,6103006701
USA,8407439114
UK,8656798206
UK,8645911285
UK,(6360) 583 267
USA,9595877012
USA,6411256892
USA,9713-853-735
FRANCE,8474581168
FRANCE,6769497037
UK,(7059) 889 566
UK,6944-314-441
FRANCE,9056-448-064
USA,09236 284 279
USA,(8834) 880 503
FRANCE,7945-805-658
USA,9802920626
UK,9422061217
USA,8911687418
USA,8756783778
USA,(9316) 710 542
UK,9091544581
USA,8295648420
FRANCE,09634 969 123
UK,9793677707
USA,08116 633 744
FRANCE,8035912924
USA,(9968) 881 518
UK,8387931275
UK,7244-617-303
FRANCE,7958409193
UK,07576 933 539
USA,9481267449
UK,7319316070
UK,8118702220
FRANCE,(7830) 476 930
FRANCE,7852-000-463
UK,9757730957
USA,09152 320 700
USA,(8677) 122 564
FRANCE,9569313625
FRANCE,08660 529 617
FRANCE,6524-592-377
USA,6447431131
FRANCE,7429065511
UK,6048685442
FRANCE,7614643845
USA,09114 140 724
FRANCE,(7411) 075 390
UK,(9887) 198 968
FRANCE,6912056908
UK,09432 761 333
USA,07310 384 633
UK,6682-841-574
UK,(6151) 866 254
UK,7720196322
UK,6612060150
FRANCE,6235353394
FRANCE,9587495168
USA,7609207670
USA,6845910836
UK,9404-198-983
UK,7256285357
UK,(8993) 073 049
FRANCE,7452764346
UK,8872376960
FRANCE,08961 413 201
FRANCE,07085 886 256
UK,8251977188
UK,9740689425
FRANCE,8375520989
FRANCE,6751749436
UK,06587 770 233
UK,9670251074
UK,(9151) 281 755
FRANCE,09333 221 155
UK,6293508261
UK,07263 609 911
USA,7825606698
USA,8082370518
UK,(7577) 346 359
UK,8633182351
UK,(8751) 365 768
USA,9226341143
FRANCE,07991 315 401
UK,6793267990
USA,(8783) 835 809
UK,09330 538 055
FRANCE,6180-478-902
UK,6652708837
FRANCE,6423917109
UK,9403791805
UK,9910959166
USA,8394169131
FRANCE,06542 136 492
UK,08941 815 334
UK,6565593318
FRANCE,(9339) 823 971
UK,6206294714
USA,6621065393
UK,6485120328
FRANCE,(7586) 480 546
